SupplierId,SupplierName
118,CMDB Beef
119,BarM Ranch
120,Alberta Bison
121,Alberta Elk
122,Farmcrest
123,FarmFed
124,Marche Transatlantique
125,Hog Wild
126,Fraser Valley Pork
127,Maple Hill Farms
128,Fraser Valley Veal
129,Fraser Valley Beef
130,Fraser Valley Lamb
131,Pemberton Meadows Natural Beef
132,Heritage Angus Natural Beef
133,Rossdown Farms
134,Sidney Island Wild Venison
135,Sloping Hill Pork
136,Peace Country Lamb
137,Import Lamb
138,Supreme Meats
139,Thiessen Farm Nursery
140,Two Rivers Specialty Meats
141,White Veal Co.
142,Yarrow Meadows Farm
143,Misc Supplier
144,Import Pork
145,Island Eggs
146,Fraser Valley Goat
147,Cache Creek Natural Beef
148,Rougie
149,Cache Creek Natural Beef
150,BGOB
152,Returns
153,Natural Beef
154,Two Rivers Island Beef
155,SPUD Code
156,Arctic Meats
157,Red Dog Deli
158,Bosa Foods
159,Jan K Overweel
160,Hallmark Chicken
161,Sunrise Poultry
162,Brant Lake Wagyu
163,Pine Haven Grass Fed Beef
164,Liberterre
165,Hoggard Pork
166,Great Northern Beef
167,Cheese
168,Fromagerie Emmi
169,Plaisirs Gourmets
170,Fromage CDA
171,Fromage Champetre
172,Gunter Brothers Natural Beef
173,Turtle Valley Bison Ranch
174,Cheam View Ranch Pork
175,Golden Valley Eggs
176,Gaspor Pork
177,Harmony Beef
178,Britco Pork
179,Beretta Natural Beef
180,PRODUCTION
181,Qu'Appelle Organic Beef
182,Cerf De Boileau
183,Hudson Valley Farms
184,Bear and Flower Pork
185,Lilydale
186,Serrano Imports West
187,Hanceville Beef
188,TRU Local
189,Prairie Ranchers
190,Organic Ocean Seafood
191,Two Rivers Natural Beef
192,Golden Eagle Sablefish
193,Boat Fresh Seafoods
194,Two Rivers box
195,8 Acres
196,63 Acres
197,Bradner Farms
201,Veritiv Canada Inc.
203,Uline Canada Corporation
204,Vince Testing
205,North Delta Seafood
206,Soleterra
207,RAHE Pork
208,Hiro Wagyu
209,Black Forest Meat & Sausage
